userID,ISBN,bookRating
276822,0805057706,10
277143,0345342968,9
277157,0679450408,6
277179,0679767800,7
277427,0385424736,9
277427,0811811409,10
277478,0440213320,7
277535,034543739X,7
277698,0316769487,6
277756,0385484518,7
277798,0385484518,8
277928,0374266441,9
277965,0385484518,10
278137,037308935X,8
278202,0399145060,5
278356,0060551895,5
278418,042513525X,5
278668,8423322912,5
78,0394895894,8
91,0316769487,9
224,0446527165,8
243,0060915544,10
280,0316769487,7
507,0312312628,9
638,0316769487,10
638,0679410430,10
853,0345358791,5
882,051509465X,9
901,0851707777,9
1211,0375726322,8
1254,089480829X,10
1417,0525237704,7
1435,0060915544,10
1517,8420444782,4
1660,089480829X,7
1733,038076735X,7
1733,1551666200,9
1848,0345342968,10
1898,0385484518,8
2024,0890876096,8
2030,0912365579,10
2030,1577310454,10
2033,0471485527,10
2041,0385424736,7
2110,034528710X,10
2110,042516540X,8
2179,0451455789,9
2190,0812579569,7
2276,0425052990,4
2276,0671795988,7
2499,080213825X,5
3206,0385484518,8
3542,044651652X,3
3556,044651652X,10
3923,0312135653,6
3983,0446679763,6
4017,0060915544,8
4017,0679414614,9
4938,042513525X,7
4973,0385484518,8
5268,1558506462,5
5582,0440225639,7
5582,044651652X,7
6051,042513024X,8
6068,227724113X,2
6217,0060915544,8
6251,0385484518,7
6251,0696010976,6
6251,076110481X,9
6323,0679450408,4
6543,006019295X,7
6543,0345342968,8
6543,0553801945,8
6543,1563898586,8
6543,1573222127,8
6563,0060915544,9
6563,0385484518,10
6575,0385484518,6
6575,0679404864,8
6575,156833186X,5
7065,0375406182,9
7105,0006372570,5
7286,0345342968,10
7286,089480829X,7
7286,1856975770,10
7346,0380978954,8
7346,0671727184,7
7404,080213825X,6
7440,0375410198,10
7557,0345342968,8
7565,0807115258,5
7651,0316769487,3
7722,044021632X,5
7841,0316769487,7
7860,0399138013,8
7882,0922233209,7
7890,080213825X,8
8019,0670272663,10
8086,0684868865,8
8234,044651652X,5
8245,080213825X,8
8253,0060915544,9
8265,0060192704,10
8362,1573222127,8
8568,0864693257,7
8681,0440505941,7
8681,0679723439,8
8734,089480829X,8
8734,1555971148,8
8801,0316769487,8
8890,2226116745,8
8988,0316602051,7
9138,0679413138,10
9177,0812579569,8
9574,0938317288,5
9906,051513306X,8
10118,0385484518,10
10134,0316769487,3
10314,0807072125,8
10354,156931778X,10
10354,1591161258,10
10447,0060915544,9
10750,0688169082,5
10836,076530418X,10
10884,0671016733,8
11399,1555971148,5
11400,0679449434,8
11507,0316769487,9
11601,0060915544,10
11629,0515133620,8
11676,0043720455,8
11676,0060005424,10
11676,0061032069,8
11676,0064406768,10
11676,006621288X,10
11676,0070531811,5
11676,014024669X,6
11676,034543739X,10
11676,0374292817,7
11676,0375406182,8
11676,0375422188,9
11676,038079005X,8
11676,0385424736,8
11676,0385484518,9
11676,039304632X,7
11676,0394587618,8
11676,0395353009,8
11676,042511984X,8
11676,042513525X,8
11676,0425148297,10
11676,044100508X,8
11676,0441225497,5
11676,044651652X,8
11676,0446527165,9
11676,044661064X,10
11676,0449211673,3
11676,0451455789,8
11676,0486270661,10
11676,0517704927,7
11676,0525237704,10
11676,0525467696,8
11676,0590877437,5
11676,067102096X,10
11676,0671556029,10
11676,067187263X,7
11676,0679450408,9
11676,080213825X,3
11676,0811811409,10
11676,081257995X,8
11676,0812694333,7
11676,082890491X,7
11676,086272807X,7
11676,140003163X,5
11676,1551664364,8
11676,1562925474,8
11676,156326255X,7
11676,1565122763,9
11676,1575666243,8
11676,3462015117,6
11676,8408033700,7
11676,8437604184,9
11724,089480829X,10
12137,067086014X,4
12143,055358183X,10
12194,0679405283,8
12209,0385484518,10
12392,0679446028,6
12538,0060915544,9
12538,0394895894,7
12538,0801487722,10
12538,157145165X,10
12567,044651652X,9
12626,0688160999,7
12698,0679405283,5
12803,042513024X,9
12835,325721605X,7
12835,3421051496,7
12966,0316769487,9
12990,006109515X,3
13221,039304632X,7
13380,0345342968,5
13518,0590483455,8
13552,0385484518,10
13552,042513525X,8
13552,044651652X,8
13582,042514755X,6
13775,0060005424,8
13850,0316769487,9
13850,0345342968,10
13850,0385484518,10
13850,089480829X,6
13850,1558530185,9
13924,0425148297,8
13995,0316769487,9
14079,0520011775,10
14079,185566089X,5
14097,0449205061,9
14271,067102096X,5
14281,0140157352,9
14336,1586420232,7
14392,0609809431,8
14393,055320663X,8
14422,044651652X,7
14422,0821757032,8
14456,0316769487,8
14456,0811811409,10
15049,089480829X,8
15185,0316769487,5
15208,0030635543,3
15208,0451184165,5
15437,0425148297,8
15497,059029542X,8
15583,0345342968,10
15602,156619024X,10
15825,2253172677,8
16106,0596003323,8
16121,0609809431,7
16263,0891041842,7
16449,0345358791,8
16488,0060915544,8
16533,080213825X,2
16554,067086014X,1
16634,0385482485,8
16634,0399137173,9
16795,0060163747,8
16795,0060192704,8
16795,0316769487,8
16795,0345342968,8
16795,034543739X,8
16795,0395689961,9
16795,044651652X,9
16795,055358412X,9
16795,068982954X,5
16795,0736401245,5
16795,0803718276,5
16795,0812930347,7
16795,1883953154,7
16871,0446527165,8
16916,0399150439,10
16919,037540273X,8
16966,0030604176,5
16996,0385335849,8
17003,0060915544,10
17003,0812694333,10
17054,2070754790,9
17068,0060915544,7
17180,0679772871,10
17183,0316769487,6
17183,0520011775,9
17224,0345402030,6
17531,044661064X,7
17680,0374281866,1
17704,0061032069,5
17890,1559638095,7
17950,0316769487,9
17950,0385484518,8
17950,044651652X,9
18067,0316769487,3
18172,038529932X,8
18172,044651652X,9
18323,0140064699,6
18963,0679419454,7
19085,042513525X,8
19127,0316769487,8
19132,0316769487,8
19153,044651652X,7
19336,0345342968,10
19493,0385484518,10
19549,0345342968,8
19571,034543739X,5
19571,0970908474,7
19711,0385315023,8
19711,0385484518,9
19760,0345342968,10
20060,0446527165,9
20162,8836807356,9
20254,1560255153,10
20265,0060915544,9
20410,089480829X,10
20605,0316769487,10
20839,1550502654,8
20961,1854592726,8
21011,0060915544,8
21014,0060915544,8
21014,0375503862,6
21083,0698119738,6
21112,044100931X,9
21229,0316769487,7
21356,0345342968,7
21364,089480829X,1
21484,0345342968,8
21484,156619024X,9
21552,0374266441,6
21576,002037500X,7
21576,0345342968,8
21576,0374266441,6
21576,0385484518,8
21576,0688039693,5
21576,0812930347,8
21618,0899062857,9
21659,044651652X,10
22022,0812694333,4
22154,0764535757,9
22521,0316769487,2
22521,0345342968,10
22601,014028124X,7
22624,0345342968,8
22625,0316769487,10
22625,0385484518,10
22773,0060915544,8
22968,042513525X,2
23288,0373033400,7
23288,080376734X,10
23571,0385265204,9
23571,0385484518,10
23635,0670875678,7
23680,0743469887,8
23768,0060201851,9
23768,0195065107,10
23768,0525947965,7
23768,055337320X,10
23799,0345342968,10
23871,067086014X,8
23872,0226816273,10
23872,0345342968,9
23872,0385324073,10
23872,0553372882,10
23872,0870031279,9
23902,014024669X,8
23902,0140430997,6
23902,0393979261,9
23902,0440213320,9
23902,068803487X,8
23902,156731161X,7
23902,1854710486,7
23944,0399145060,8
24194,0806947241,8
24234,0253372658,7
24427,0316769487,3
24585,1888451165,8
24624,0840748493,8
24624,1591856132,8
24627,044651652X,6
24632,0802482422,10
24637,0394569644,7
24641,089659419X,8
24751,0345341228,7
25131,0306806444,10
25150,0375406182,6
25359,039551083X,10
25409,0425196216,8
25456,0385484518,10
25489,0002211890,8
25517,038529932X,6
25533,0671883402,9
25545,0385424736,4
25601,0517887835,9
25601,0916179516,10
25804,0002245663,8
25809,0895772280,7
25919,0060005424,9
25981,0316602051,5
25981,0785315926,5
25996,0060915544,9
26057,0060915544,10
26057,0385484518,10
26487,0679404864,10
26535,038097570X,5
26535,1576730743,5
26583,042514755X,8
26583,0806506490,10
26593,030712908X,10
26593,051720679X,10
26618,042513024X,8
26883,0060203889,6
26891,0316602051,7
27143,0590877437,10
27193,0679449434,5
27204,0679419454,9
27349,0316769487,10
27462,081673691X,10
27551,031023493X,10
27606,0060005424,8
27838,0805057706,9
27890,0385424736,5
28056,0140157352,10
28144,042511984X,5
28177,0385484518,9
28222,0399148906,6
28255,0448095076,8
28257,0385484518,10
28360,0590877437,7
28518,0375410198,7
28523,0801330734,6
28591,0060002069,8
28591,0316769487,10
28619,0385484518,5
28619,044651652X,10
28619,0881503657,6
28619,1558506462,10
28634,044651652X,10
28731,042514755X,6
28938,0874775388,9
28975,0345342968,5
29209,0345342968,9
29259,089480829X,10
29372,226403176X,9
29394,0345342968,8
29419,042513525X,5
29515,0380767597,9
29570,0316769487,10
29855,044651652X,9
30022,0670857831,6
30052,067166218X,7
30081,0375406182,6
30081,0812216431,8
30125,0439314550,7
30270,0679724141,9
30276,0380804700,7
30276,0380811995,7
30321,1562925474,10
30324,080213825X,8
30333,0385424736,5
30385,0375503862,6
30461,042514755X,7
30466,0440225639,8
30476,059094715X,10
30511,0140036954,7
30511,0553506501,7
30533,0345342968,10
30533,074592803X,8
30610,044651652X,10
30711,043925325X,8
30711,0525467696,9
30735,0385484518,10
30735,0553100165,8
30735,0670857831,8
30735,1878067559,9
30742,089480829X,10
30810,3421051496,8
30824,0933387024,10
30887,0525946772,3
30898,1568360428,10
30972,042513525X,8
30972,044661064X,5
30972,1551664364,6
30994,0060915544,10
31039,0345342968,10
31082,055358183X,7
31134,089480829X,9
31315,0440505941,10
31315,0670272663,9
31315,0679405283,10
31315,0679450408,8
31315,0688088686,8
31315,157954519X,10
31332,044651652X,7
31391,0515130990,9
31468,1575666243,5
31556,0316769487,5
31556,059044686X,5
31556,0679419454,5
31594,044651652X,5
31614,089480829X,9
31683,044651652X,10
31790,0316602051,2
31826,0345401956,10
31826,042511984X,10
31826,042513525X,10
31826,0553133004,9
31826,0590461265,10
31826,0812908341,9
31838,031219322X,10
31846,0517704552,9
31900,0439314550,9
31950,044651652X,9
32032,006092635X,5
32179,0316769487,4
32184,080213825X,5
32289,0446527165,7
32516,1558506462,10
32599,0345342968,7
32721,2070754790,8
32741,006050563X,5
32773,0345342968,9
32773,0385419287,7
32773,0451455789,7
32773,089480829X,9
32955,0380613255,8
32964,0385424736,10
32993,346202261X,5
33004,080213825X,4
33124,042514755X,8
33124,044661064X,8
33200,0312262701,8
33307,0671041177,6
33422,0316769487,5
33440,000648381X,9
33567,0140047433,9
33685,039512090X,10
33826,0374266441,7
33921,0688087698,8
33943,2266062336,8
33999,044651652X,8
34133,044651652X,10
34286,193110901X,8
34588,0385484518,10
34748,042513525X,9
35050,0441006582,8
35072,044661064X,10
35134,0679457143,10
35185,0849908663,10
35185,156292222X,8
35270,0679405283,8
35433,346202261X,7
35433,355008353X,8
35445,0345342968,9
35445,044990668X,7
35631,0385424736,8
35637,0395353009,5
35665,006019300X,8
35704,0060973722,10
35793,0375406182,8
35857,0072126620,9
35857,0870135627,4
35857,089480829X,10
35859,0060279176,6
35859,014027684X,7
35859,0345342968,10
35859,0746016719,8
35859,076130715X,9
35859,0789457075,7
35859,1572972076,7
35918,0874173272,7
36003,0316769487,10
36153,0394562631,6
36299,0060002069,8
36299,0312873301,9
36299,038079005X,7
36369,8430031979,3
36554,0060915544,10
36554,0312806809,8
36606,0446527165,5
36606,0786868058,5
36606,080213825X,5
36609,006621288X,9
36677,0316260614,6
36708,0060915544,9
36710,0385484518,7
36715,0316769487,8
36733,014028219X,8
36836,039441392X,10
36837,055358183X,9
36907,0385484518,10
36938,0743226631,8
36973,0684804484,7
36978,0316769487,9
36978,0345342968,10
36978,044651652X,10
37208,0380811995,8
37244,0060915544,7
37293,034526066X,8
37310,044651652X,8
37400,0316769487,6
37538,0316769487,9
37538,044651652X,5
37573,0060931078,6
37644,006019636X,7
37644,0316769487,6
37693,044651652X,7
37712,014027684X,4
37712,0811811409,10
37712,081183140X,10
37851,0140366865,7
37950,0894801937,7
37968,0345342968,10
38023,0345342968,9
38023,0345358791,9
38053,0385484518,7
38173,0060915544,8
38273,030712908X,1
38273,0761516565,5
38273,076153170X,10
38273,188891419X,2
38357,0140036954,9
38482,044651652X,5
38654,067187263X,9
38661,156619024X,10
38679,1550541250,6
38703,0060915544,9
38781,037327209X,9
38832,0525480927,10
39133,031205064X,6
39281,044651652X,9
39284,0316602051,6
39325,0385484518,10
39467,0679767800,10
39476,0679413138,7
39488,0812693906,5
39734,0140057048,6
40137,0140157352,9
40289,0385484518,5
40330,0345342968,7
40417,0060915544,9
40435,055357860X,7
40541,0385484518,7
40772,0399150439,7
40790,0385484518,9
40865,0345342968,8
40889,0385424736,9
40889,0385484518,10
40889,0460873113,4
40889,089480829X,9
40922,031218087X,6
40922,157566156X,2
40943,0140346147,5
40943,0307988635,10
41136,031286101X,6
41351,044652154X,6
41360,0316769487,8
41586,076111937X,9
41757,0395353009,8
41757,044990668X,5
41897,080213825X,4
42093,0425148297,3
42093,0811811409,7
42179,0425148297,8
42305,0316769487,10
42305,0345342968,10
42332,0446679763,10
42597,0525946772,7
42611,0786868058,7
42923,0394716531,8
43004,0679733159,8
43118,8408033700,6
43246,0385484518,10
43246,0425162400,8
43436,031229137X,10
43500,0465050522,8
43645,8478808175,5
43698,0140279725,8
43726,0689801866,6
43842,006109725X,6
43901,0801026075,10
43910,0609809431,8
43910,0805075453,8
43910,1555835996,9
43925,067088006X,5
43930,067086014X,6
44252,0306807823,10
44432,0465076963,9
44595,0440213320,6
44893,0451204476,8
45113,067102096X,8
45270,0385484518,6
45287,0446527165,8
45305,0448127172,8
45418,155166903X,8
45430,089480829X,9
45687,015201344X,10
45822,031263546X,4
45982,0375406182,8
46145,0316769487,10
46163,0679404864,7
46341,0316769487,8
46398,0385482485,7
46398,0385484518,3
46398,0425162400,7
46398,0440505941,5
46398,0525237704,10
46398,0805008438,8
46398,086020653X,6
46398,156619024X,4
46443,0060915544,9
46706,0140430784,7
46862,0316769487,8
46887,0380978954,3
47017,1558506462,7
47126,044651652X,10
47279,1572840323,5
47293,1555973698,4
47316,051720679X,10
47377,0316769487,10
47401,1558506462,8
47807,089480829X,7
47851,0671795988,8
48025,042513525X,8
48037,155661327X,6
48046,055310053X,10
48046,0684808560,5
48307,043942089X,8
48314,073560505X,7
48424,0380973022,8
48494,0399138013,5
48494,0824601971,10
48579,044651652X,10
48595,0688160999,8
48753,041592913X,5
48911,157322989X,7
49001,080213825X,5
49109,0451197550,7
49392,0345342968,10
49460,0395655978,9
49505,014024669X,6
49683,0060520736,8
49792,0380809168,8
49792,1551661683,8
49842,030712939X,5
49889,0441006582,9
50007,0060931078,5
50098,0679419454,7
50129,0671020307,8
50129,0671020323,8
50225,0385484518,7
50241,051720679X,7
50564,0380804700,8
50650,044651652X,8
50681,0316769487,3
50681,0913299545,8
50805,0316769487,8
50823,0373119178,8
50859,0451204476,8
50895,044661064X,7
50956,0848714962,10
51001,0060915544,5
51129,0451410211,5
51247,0684826631,7
51355,0399150439,9
51365,0316602051,7
51450,0451197550,10
51526,0786868120,6
51589,0345342968,8
51595,042513525X,9
51763,0679600000,8
51803,081257995X,9
51990,0375411089,8
51992,015600531X,8
51992,0517704927,8
51992,080706341X,8
52036,0877797080,10
52065,0590877437,8
52093,0821217143,8
52199,0345342968,10
52199,0679405283,9
52320,0679767800,10
52584,055320971X,4
52586,0743219465,7
52751,0385484518,8
52811,0316769487,9
52917,0060976756,6
52917,0679437223,5
53069,0345342968,10
53127,0805048987,7
53220,0316602051,8
53220,0515131156,8
53220,067102096X,7
53332,0385484518,9
53663,044661064X,8
54161,0385424736,7
54199,0743226631,7
54289,044651652X,8
54507,0060915544,10
54648,1580620418,8
55075,0684867982,6
55086,3860994565,9
55097,0060176539,7
55097,055356854X,8
55178,0590428438,5
55187,0345341228,5
55187,069109750X,10
55359,0345342968,10
55487,044661064X,9
55490,0515111716,9
55490,0877797080,10
55490,156504178X,10
55492,044651652X,7
55493,0380613255,8
55493,080213825X,9
55493,1555868630,5
55591,0679419454,6
55777,0812924347,8
55892,0316602051,8
56143,0679404864,9
56167,2070372995,7
56198,006097415X,8
56271,0140243321,8
56341,081673691X,7
56399,0746016719,10
56399,0806920726,10
56399,0812966538,10
56399,1568820127,10
56447,0671721135,6
56447,1561792225,6
56554,0316602051,10
56554,0399150439,5
56554,1575668793,5
56856,0316769487,9
56856,0345358791,8
56856,1563898586,5
56959,0405006950,10
56959,0517539284,10
56998,0300016425,10
57093,1558506462,7
57379,0679767800,8
57599,0385484518,10
57620,0385484518,10
57713,088908890X,5
57734,0385484518,9
57765,0316769487,7
57935,042513525X,7
57986,1558506462,10
58112,0609609874,8
58112,080079317X,7
58120,042513525X,10
58363,1567920314,5
58389,0060915544,9
58522,034543739X,6
58792,0060933534,7
58855,0380793180,7
58855,0764516817,7
58911,0062554468,10
58958,0385484518,8
58961,0441006582,7
59059,067100767x,3
59150,0316769487,8
59170,1551661683,9
59172,042511984X,9
59180,0375406182,10
59269,044651652X,6
59423,0385484518,8
59656,0060540893,10
59656,0385484518,10
59739,0385484518,10
59812,0449206513,6
59967,0091889219,5
60004,0679457143,8
60031,076111937X,9
60050,044651652X,10
60098,037327209X,8
60098,0446355801,9
60114,055322509X,7
60191,080213825X,5
60207,0671694111,10
60224,0609809431,9
60244,006621288X,8
60244,0316769487,7
60244,0345342968,9
60244,039951936X,8
60244,0743257480,8
60244,155927378X,10
60263,0345342968,9
60337,0375503196,8
60340,076071018X,7
60517,0316769487,8
60707,051509465X,7
60707,0684196263,7
60850,0395848385,7
60995,227724113X,10
61017,044651652X,8
61619,0394565614,9
61775,0679405283,6
61798,0399150439,8
61798,042514755X,4
61798,0679419454,9
61798,0871130173,7
61854,0316769487,6
61900,044651652X,9
61901,0385484518,10
61901,051720679X,7
62009,1585673862,8
62172,0316769487,6
62316,0828903689,5
62401,037348478X,8
62464,0316769487,10
62667,0060002069,6
62689,080213016X,6
62847,037540273X,7
62862,0385413726,6
62862,0525946772,4
62891,044651652X,7
62919,1568360428,8
63002,0345342968,8
63144,1880284081,7
63293,0764565338,8
63294,080213825X,3
63369,0385484518,9
63394,0030576687,10
63394,0486270661,10
63714,0773484671,10
63865,074592803X,9
63871,0375406182,7
64030,081257995X,7
64111,0316769487,9
64112,0385484518,8
64162,0440213320,8
64440,0156027798,7
64462,0965618331,7
64713,0316602051,9
64779,081850191X,5
64946,043942089X,6
65027,042511984X,6
65056,1575668793,5
65145,0380978954,8
65183,0394895894,8
65191,0380804700,7
65194,0374292817,8
65258,044651652X,7
65345,044651652X,4
65414,0385484518,9
65665,0192891596,8
65665,090931330X,7
65890,0385484518,10
66255,2253047422,8
66387,0345455622,7
66387,0446527165,8
66487,0316769487,9
66792,0553380478,7
66797,0486270661,10
66956,0385504489,9
67085,1551539713,10
67236,0345358791,8
67270,051513306X,8
67298,043942089X,7
67487,0316769487,2
67542,0446679763,9
67547,0375406182,7
67648,1568360428,10
67663,1594200173,8
67738,0140434232,10
67782,0590483455,10
67840,0688154484,8
67958,0394507614,10
68073,0465090990,9
68128,0316769487,5
68156,0670859761,9
68184,044651652X,7
68227,0785315926,10
68249,0312857136,8
68249,0871315548,9
68373,0316769487,7
68383,089480829X,10
68436,0345342968,9
68436,067181415X,8
68555,0062511661,3
68555,155661327X,8
68729,042513525X,6
68854,0449211673,8
68886,0385424736,10
69023,0345342968,10
69078,0060915544,8
69078,0345342968,9
69078,067003245X,9
69078,0679405283,6
69078,0679880909,8
69078,0684804484,9
69078,0805046178,8
69188,014027684X,9
69228,0873378245,8
69232,044651652X,9
69355,044661064X,6
69378,0155413465,8
69389,0060192704,7
69389,0679880909,8
69410,0679413138,5
69661,0316769487,4
69697,0425148297,10
69697,078620687X,9
69697,155166903X,8
69721,0811811409,3
69721,1563898586,10
69971,034543739X,8
69971,1565122038,8
69986,0399150439,7
70193,2253145564,5
70415,0397012160,10
70415,0832605522,10
70415,1561640700,10
70463,089480829X,10
70569,0416326307,9
70569,0889740445,10
70573,0345342968,7
70594,0553801945,8
70594,1550415328,10
70666,0060192704,5
70666,0316769487,9
70666,0385484518,10
70666,042513525X,5
70713,0375422188,6
70791,074344504X,8
70953,047112351X,6
70999,067158037X,10
71188,1929001053,5
71207,044651652X,9
71358,0698111435,7
71364,0385484518,7
71470,0917253264,6
71494,0060915544,8
71628,044661064X,7
71712,0316769487,7
71752,0590877437,5
71786,0060915544,8
71831,0345366301,8
71902,0679435506,9
72214,0060915544,9
72214,0811804623,10
72214,0811819086,8
72244,0316769487,7
72352,0843945125,7
72575,044661064X,8
72785,080215140X,5
72975,031220325X,7
73044,0385484518,5
73196,089480829X,10
73315,1890208256,5
73330,067003245X,9
73458,072141561X,5
73532,0609809431,7
73542,0385413726,9
73588,042513525X,5
73588,0671721135,6
73603,0385424736,7
73700,0415129877,5
73829,843970366X,6
73991,3257061153,7
74088,081256541X,7
74172,2070413837,9
74185,0345425286,6
74221,0345342968,8
74286,0316769487,7
74328,0963252666,8
74356,0448095076,10
74443,080213825X,7
74453,0425162400,6
74487,0913299545,7
74655,346202261X,7
74871,0835607119,9
75064,0385484518,10
75251,0060812540,5
75322,0316769487,7
75330,0316769487,5
75330,0669444014,5
75428,0375406182,10
75491,044651652X,8
75783,039474330X,4
75819,0316769487,2
75819,0688154484,8
75842,1565121627,9
76151,0316602051,10
76151,0385484518,10
76151,0425148297,1
76151,0446527165,10
76168,0345342968,7
76168,067187263X,4
76352,0060915544,8
76352,0345342968,9
76458,0684859327,8
76483,0385484518,10
76488,0553573993,7
76499,006440336X,10
76499,0195021827,10
76499,0226204774,10
76499,0415902169,5
76499,0451524802,10
76499,0534252265,10
76499,0679723439,10
76499,0679724141,10
76499,067974472X,10
76499,0679843361,10
76499,0684804484,1
76499,0787963976,10
76499,080215140X,10
76499,0814758169,10
76499,1560254459,10
76569,087477795X,2
76626,0140431136,9
76626,034027753X,6
76626,0413722309,9
76626,0500202508,8
76637,089480829X,7
76748,8437604184,10
76769,0679772871,10
76957,0471595322,5
77181,0385484518,10
77270,0515130990,8
77281,0425148297,8
77307,0385484518,8
77377,0590461265,8
77459,0316769487,10
77471,0590461265,5
77480,0679419454,8
77585,0345342968,10
77585,0385484518,10
77608,0802756220,7
77768,039396194X,8
77772,0525461663,8
77809,0385424736,7
77809,055309355X,8
77809,0679767800,6
77809,0684867982,7
77906,0316769487,8
77960,0684867982,7
78162,0670865729,6
78344,006621288X,10
78411,0671786113,10
78448,0385484518,10
78496,0385424736,8
78496,042511984X,8
78564,0345342968,5
78777,044651652X,10
78783,089480829X,9
78834,0316769487,10
78902,0871316021,9
78973,0375704930,8
78973,0393322432,6
78973,0394709306,7
78973,042511984X,9
78973,042513525X,8
78973,0740700065,9
79215,0316769487,10
79285,0679446273,10
79441,0446526339,8
79441,0525410600,9
79506,0385315023,9
80105,0385484518,9
80201,0345342968,10
80408,0786865334,5
80510,0345342968,8
80516,080213825X,5
80803,2253141453,8
80954,0385191367,8
81045,0812579569,10
81064,042511984X,8
81121,0316769487,10
81121,0812694333,9
81274,014037616X,7
81298,1576736466,5
81306,0913299545,10
81360,0553576259,8
81434,0316769487,8
81443,1560762608,6
81490,044651652X,4
81492,0345342968,9
81492,080213825X,5
81509,0688076076,5
81560,0312854943,8
81597,0688088686,9
81682,067186923X,7
81771,0385419287,6
81771,089480829X,8
81845,0670856975,8
81854,044651652X,8
81970,346202261X,7
82407,0789416824,8
82414,044651652X,6
82924,0439215986,3
82942,0375410198,9
83069,0811811409,7
83239,0920576443,9
83239,1550415131,9
83252,039332303X,5
83279,0316769487,8
83287,0440213320,10
83431,0345342968,10
83443,0399150439,10
83637,0679435506,9
83671,0345358791,7
83671,0803297033,9
83698,077373323X,5
83730,0894717960,5
83937,039332303X,6
83971,0316769487,10
84038,077373323X,8
84122,843207036X,9
84201,0441006582,10
84289,0316769487,10
84462,044661064X,10
84627,074321675X,7
84795,0399150439,10
85161,0060915544,9
85426,0345342968,10
85433,0394895894,8
85442,038071843X,8
85453,0688088686,5
85526,0385481268,10
85526,044651652X,5
85526,0805073337,8
85656,0345433351,10
85656,0439215986,9
85757,0345422805,9
85757,080213825X,5
85825,0553380478,8
85940,2070423174,10
86055,0345342968,9
86123,080213016X,5
86189,1567921892,5
86202,0060005424,8
86242,0932499058,7
86290,0316769487,8
86392,0670043192,8
86408,0380613255,7
86420,0395689961,8
86481,0679450408,9
86489,0375400508,8
86607,848437386X,3
86837,0679451145,8
86932,089480829X,9
87141,0679419454,8
87141,1565924495,7
87141,1572316381,8
87555,0385484518,10
87555,0679457143,10
87555,0877797080,6
87627,0394555082,7
87747,039914823X,7
87911,0345342968,8
87928,0375406182,8
87929,044651652X,9
88122,0316769487,10
88320,0307120333,7
88412,068982954X,10
88652,0375422188,10
88677,0671739247,8
88693,067086014X,8
88693,067165991X,9
88693,0679457143,8
88733,0060915544,8
88733,042514755X,8
88733,0911408622,10
88739,088448033X,7
88896,0385419287,8
88937,039304632X,5
89014,0060192704,9
89059,0446517445,10
89086,089480829X,10
89306,0374115346,7
89474,0316602051,7
89991,044651652X,10
90049,0451523563,8
90090,0894717960,10
90146,0060915544,8
90146,155166903X,5
90167,0446527165,5
90391,0375411062,5
90423,0385484518,8
90694,1585671274,9
90727,0316769487,8
90731,038079439x,8
90731,0671698516,5
90775,0805073337,7
90793,0316769487,8
90839,360893099X,8
91103,044651652X,6
91113,0425148297,8
91184,0385484518,6
91506,0684868865,10
91611,0385484518,10
91692,042518546X,9
91761,0060915544,10
91931,0448095203,10
92063,044661064X,7
92142,0140441905,10
92316,0345342968,9
92398,0385424736,10
92398,067960166X,10
92399,067960166X,10
92498,0520086279,7
92547,089480829X,10
92561,1558506462,10
92652,0060192704,7
92652,0553102435,9
92693,068127493X,10
92722,0684868865,6
92810,0060198338,8
92861,0316769487,10
92861,080213825X,6
92865,0471154962,10
92979,0060915544,8
92979,0374281866,1
92979,044651652X,1
92979,0884481921,5
93047,0066212480,7
93047,0312873301,6
93047,0380978954,8
93047,068484799X,7
93047,0811840549,8
93047,155652157X,7
93092,0786866314,10
93219,0446527165,10
93241,0374266441,8
93245,1582432597,8
93370,1889901199,10
93565,0786710233,7
93985,0446527165,4
93985,0812966678,2
94041,0385484518,8
94100,0451197550,6
94120,042511984X,8
94212,076111937X,6
94263,0316769487,10
94303,0316769487,8
94347,0345342968,9
94347,076110884X,6
94438,1565927095,10
94494,080213825X,5
94691,0140157352,8
94818,015202073X,10
94886,0385413726,7
94951,0812550595,8
94965,0316602051,6
94965,0671020307,5
94979,0345342968,10
94985,0345342968,8
94985,044651652X,7
95008,0679405283,7
95122,0446527165,5
95193,1558530185,10
95207,1558506462,8
95250,0060578564,5
95316,038079005X,5
95359,0060915544,9
95359,0316769487,8
95359,042513525X,8
95511,0609600702,3
95574,042514755X,9
95736,0140279725,7
95738,0140434232,10
95902,843970206X,6
95932,0395353009,9
95932,0525480927,6
95991,0060198834,9
95991,0380804700,8
95991,077832043X,5
96019,086442793X,8
96054,0345342968,5
96154,0688088686,9
96357,0316769487,9
96474,042511984X,5
96493,042513525X,4
96889,0333906233,8
96970,0060915544,7
97268,0060915544,9
97324,0691017778,9
97493,0316602051,10
97653,0689713835,10
97754,006009527X,10
97754,0465090990,6
97754,0688088686,6
97874,0764107585,2
97906,055358183X,7
97945,0849935865,7
97972,0563555920,10
98207,0866225293,9
98254,0553493639,9
98278,055358183X,9
98344,0316769487,10
98391,0060002069,8
98391,006009527X,9
98391,006050563X,9
98391,0060525258,9
98391,0060527056,8
98391,0060594233,10
98391,0312272588,9
98391,0312276818,9
98391,0312277598,9
98391,0312280882,9
98391,0312287755,8
98391,0312290799,9
98391,0312301448,10
98391,0312310269,9
98391,031231065X,9
98391,0312312628,9
98391,0312328257,7
98391,0312868251,8
98391,0312870590,9
98391,0312877285,9
98391,0312878397,8
98391,031287863X,9
98391,0316602051,9
98391,0345455622,9
98391,037344186X,9
98391,037371033X,8
98391,0373712278,10
98391,037375003X,10
98391,037379083X,9
98391,0375411089,10
98391,0380815672,8
98391,0380978903,9
98391,0385333625,9
98391,0399150439,10
98391,0399151923,10
98391,0425179486,9
98391,0425180972,9
98391,0425184927,9
98391,0425196216,9
98391,0446611735,10
98391,0446691631,8
98391,045120767X,8
98391,045121062X,10
98391,0471225150,9
98391,0515130990,9
98391,0515133620,9
98391,055358412X,9
98391,0553801945,10
98391,0553803085,10
98391,0670033197,9
98391,0684873877,8
98391,0743202643,9
98391,0743217101,8
98391,0743418905,10
98391,075640052X,9
98391,075640147X,10
98391,075820681X,9
98391,076422817X,10
98391,076530001X,8
98391,0765306069,9
98391,0765307235,10
98391,0765309289,10
98391,0778320898,10
98391,078625632X,10
98391,0786865334,10
98391,0786868058,9
98391,082177381X,10
98391,084395132X,8
98391,0892967501,9
98391,1569473307,9
98391,1569473684,10
98391,1571743405,10
98391,1575668793,9
98391,1594141045,9
98391,1890768480,9
98422,0312064845,9
98428,8420633194,7
98440,0316769487,7
98443,0397321651,10
98606,0399145060,3
98647,093917345X,5
98686,0300043414,7
98741,0684135051,10
98787,0385484518,8
98904,0679457143,7
99132,0345342968,8
99222,0060812540,8
99242,0552998478,8
99268,188392930X,8
99630,044990668X,6
99630,076519306X,5
99720,0395689961,5
100053,0316769487,8
100186,044020254X,7
100227,0385484518,7
100256,044651652X,10
100440,0973428600,10
100459,0060544074,8
100459,0679419454,8
100471,0385484518,7
100510,0316769487,7
100630,1585671274,10
100846,0446527165,8
100865,0821225553,4
100906,0449211673,7
100906,0679723439,9
100906,0679767800,9
100906,0878100016,8
100906,1564783049,9
101046,0316769487,8
101209,0394569296,5
101209,157064280X,7
101305,0385482485,7
101336,0316769487,4
101336,044651652X,8
101546,0872864057,8
101550,847615562X,7
101606,096965202X,9
101616,080213825X,7
101682,0380804700,7
101731,0345342968,7
101731,0889740445,5
101750,1558506462,10
101775,8408033700,5
101851,0811815730,9
101851,156504214X,8
101876,044651652X,8
101876,0671795988,8
101914,0670865729,7
101988,0140132317,7
101988,0679723439,10
102129,0446527165,9
102262,0316769487,9
102359,0312950853,6
102359,0517574993,6
102359,0895656930,10
102555,067186923X,9
102647,044100508X,7
102702,0525942726,10
102760,044651652X,8
102772,0425148297,7
102955,080213825X,8
102967,0385484518,9
102978,1563898586,8
102998,0399150439,8
103144,0316845256,5
103144,0679880909,7
103319,0345342968,9
103336,044651652X,6
103336,0679405283,10
103445,0515111716,7
103824,080213825X,6
103969,0684868865,8
104106,0684868008,6
104113,0060915544,6
104113,0316769487,10
104113,067187263X,8
104168,1585420735,7
104257,039305814X,10
104313,1573222127,7
104399,0590379305,10
104425,0316769487,10
104429,1556610130,10
104619,068816515X,7
104636,0394895894,10
104636,0671020307,5
104636,068984154X,6
104646,0345342968,7
104657,0060005424,9
104665,042513525X,7
104665,044651652X,8
104759,0316769487,7
104808,080213825X,2
104812,0345342968,9
104998,0446527165,8
105054,044990668X,3
105214,0922233209,10
105313,0385335849,7
105350,0679405283,5
105358,044651652X,3
105488,0316769487,8
105517,0385484518,10
105517,089480829X,5
105536,068984154X,7
105871,0440213320,8
105911,0380804700,9
105979,0060915544,7
105979,034543739X,6
105979,0385484518,10
105979,1565122763,9
106225,0385484518,9
106258,0060812540,5
106397,0671897519,8
106406,0060915544,7
106816,044651652X,7
107044,034027753X,6
107109,080213825X,7
107191,0140101950,8
107301,0385484518,9
107301,055328861X,5
107663,0060915544,9
107784,0385419287,10
107784,0786711280,10
107784,082176473X,5
107784,188891419X,9
107852,082171466X,7
107951,0140430784,8
107951,039574816X,9
107984,1878825003,6
108213,0345342968,10
108285,037376331X,8
108336,0192802453,5
108352,0316769487,10
108352,0393051838,8
108352,0811811409,9
108392,044651652X,8
108394,0316769487,10
108478,0385424736,5
108480,0425148297,8
108773,1584790466,10
108812,0375421556,8
108950,0385484518,7
109013,044651652X,10
109276,0380767597,5
109338,0380978954,7
109372,080213825X,5
109574,0385501684,10
109574,0395353009,10
109574,044651652X,10
109574,0671795988,7
109574,089480829X,8
109574,0913299987,8
109779,0316769487,9
110029,0062554468,8
110031,055356854X,7
110076,0440505941,7
110110,1880685000,7
110214,0670272663,8
110267,0671008927,8
110267,0671568132,8
110361,156931778X,8
110440,044651652X,3
110483,0425169847,6
110483,0441006582,7
110483,0553801945,10
110483,0886777437,9
110484,0312864639,8
110912,0385484518,10
110934,0312141122,8
110934,0380804700,8
110934,042513024X,7
111027,037550074X,5
111035,1573226270,9
111133,0385484518,10
111133,0679419454,10
111171,0375406182,10
111196,0892965681,8
111210,0060163747,10
111288,0811811409,7
111578,038080817X,8
111933,042513525X,7
111944,0345342968,9
111947,0590307193,8
112001,0060005424,10
112026,0060915544,9
112083,0590461265,6
112109,0679419454,8
112512,0316769487,9
112519,0892965681,8
112559,0316769487,3
112570,0316769487,8
112616,039304632X,8
112668,0806947241,8
112672,082294183X,10
112765,044651652X,10
112805,089480829X,8
113030,0316769487,9
113030,0385419287,7
113030,1550549170,10
113045,0385484518,10
113270,0060915544,10
113270,0391039164,5
113292,0060915544,7
113519,0375406182,8
113519,1573222127,9
113531,0380767597,7
113618,0743418905,4
113624,0060915544,5
113687,0385484518,7
113880,0316769487,8
113921,0822954265,5
114007,0385484518,1
114143,1863502327,5
114216,0425162400,8
114216,044020254X,8
114217,081440765X,7
114292,0609809431,9
114368,006104122X,5
114368,0373073003,10
114368,0385424736,9
114368,0425148297,5
114368,0425171299,5
114444,0345342968,10
114444,042513525X,6
114581,0195116186,10
114654,0062554468,7
114658,0702227250,5
114773,067186839X,9
114865,0385424736,9
114868,0060915544,7
114868,0811824152,8
114893,0006161529,8
114919,1400052408,7
114942,0060915544,8
114988,051513306X,8
115003,0060915544,8
115171,0385484518,10
115208,0807590967,7
115214,039304632X,8
115428,0385484518,8
115692,0394562631,9
115692,081257883X,4
115841,045120767X,7
115896,044651652X,8
115919,089480829X,10
115940,0385484518,9
115956,076070130X,10
116113,044651652X,8
116122,0679405283,4
116122,1556705573,5
116123,0618154000,10
116472,0385419287,8
116856,0060973722,7
116856,0679729453,8
116866,0874777380,7
117073,0316769487,5
117115,0060915544,9
117123,0345417054,8
117159,067973452X,10
117173,0802140440,8
117227,044020254X,9
117384,0385484518,5
117539,0394555082,7
117581,1555139884,7
117670,068809368X,9
117700,0385413726,10
117700,0773730486,9
117862,0156027798,2
117925,0525237704,9
118061,0553582534,5
118414,0446527165,6
118484,0060198338,6
118533,0786866314,10
118607,038080817X,7
118628,0345358791,8
118659,007142220X,7
118677,0195069862,5
118881,185984457X,8
118910,042513525X,8
118976,0679450408,6
119094,0767905334,10
119196,0517574993,10
119272,8420633631,5
119488,0385424736,9
119541,080213825X,8
119567,0486250253,8
119575,0316602051,5
119575,044651652X,5
119575,0812694333,7
119578,068809368X,9
119594,0465090990,10
119725,156931778X,10
119749,0816738092,10
119759,0060915544,8
119858,039551083X,10
119884,0345342968,8
119884,1569716102,8
120178,051513306X,6
120178,0894805789,10
120332,044661064X,6
120396,038071843X,9
120565,0811811409,8
120669,034543739X,10
120696,0312310269,5
120735,067186923X,7
120782,044651652X,9
121119,0892966319,9
121160,067187263X,6
121170,0316769487,8
121205,0679438890,7
121264,0679767800,7
121317,080213825X,7
121352,0060915544,10
121667,2718605359,10
121817,044651652X,7
121865,006061725X,8
121874,3462015117,8
122097,0060931078,8
122372,075961525X,9
122386,0913299545,5
122429,1565843304,10
122429,1856975770,10
122530,0679457143,8
122793,034543739X,10
122810,044661064X,7
122960,0060915544,9
123094,013073859X,8
123094,0385424736,7
123095,042513525X,9
123143,0316769487,3
123186,044651652X,7
123249,0312310269,1
123284,0679414614,7
123292,0671897519,7
123298,0316769487,7
123350,086442793X,10
123467,0385484518,8
123494,0679419454,10
123510,0399131876,9
123543,0394723430,5
123608,030712908X,7
123649,0446527165,9
123700,0913299545,10
123744,0553801945,8
123867,156619024X,10
123883,0399138013,5
123883,0425148297,5
123883,068950599X,5
123936,0316769487,7
123981,0060198338,9
124298,0385484518,10
124340,0375411089,7
124363,044021632X,6
124363,0684802058,8
124692,0060654570,8
124717,1740590929,8
124747,1571741402,10
124874,0316769487,10
124874,0385484518,10
125027,0380797526,5
125031,0385468687,6
125039,0394895894,8
125060,044651652X,9
125203,0316769487,8
125216,044651652X,9
125217,006019636X,10
125336,0385484518,8
125401,067973452X,7
125519,0070522359,10
125519,0394744403,5
125679,075152137X,7
125698,0425148297,10
125774,042513024X,8
125928,080213825X,5
126053,0316769487,10
126492,0385424736,7
126511,0873525639,5
126588,0517571064,9
126693,044651652X,10
126810,0679419454,8
126812,044651652X,1
126814,0679405283,2
126860,0060915544,7
126866,0316602051,7
127045,067086014X,7
127049,0385484518,5
127147,0061032069,9
127168,080213825X,7
127200,0879757655,7
127317,0316769487,9
127359,0316602051,6
127359,043942089X,7
127384,074343143X,8
127389,1567921892,5
127444,0345358791,7
127481,0385484518,8
128049,044661064X,5
128060,0671795988,5
128060,0786866314,10
128085,0394565614,8
128085,0679450408,6
128119,043926040X,8
128208,1887655816,9
128325,0385484518,9
128325,0460873113,8
128653,081257995X,10
128669,014044565X,5
128693,014024669X,7
128732,042513525X,10
128835,0060163747,8
128835,0525237704,9
128915,042513525X,10
128993,0316769487,6
129008,042518546X,8
129008,051513306X,8
129008,052594530X,8
129074,0226816273,7
129074,0385484518,7
129084,0451181301,8
129084,067166333X,7
129187,1570610185,7
129233,0060915544,6
129255,0671041177,8
129410,044651652X,7
129447,0385413726,9
129503,0679772871,8
129503,069109750X,8
129572,0345342968,7
129716,0316769487,9
129851,0571190766,8
129851,0805046984,7
129851,0872864057,9
130055,037575315X,10
130347,0449205061,7
130430,0971304521,8
130465,042511984X,6
130482,0966986512,9
130515,042513525X,6
130554,0152273220,6
130554,043925325X,5
130554,0525461663,10
130571,0060198338,9
130571,0385315023,6
130571,0385419287,8
130571,0897335155,8
130899,325721605X,3
130923,0451204476,10
131027,0722514549,9
131126,842044202X,8
131147,076111937X,10
131233,0553380478,10
131269,0525938362,7
131402,0060915544,10
131411,0002211890,7
131622,0521563305,5
131855,0552998478,10
132012,044661064X,9
132062,0425148297,8
132166,0060915544,8
132171,044661064X,6
132375,0553576259,10
132392,0345342968,9
132392,0385484518,7
132492,3491711061,10
132492,3895430579,10
132716,0394723430,7
132845,0375400508,8
132930,0060915544,9
132930,0375406182,7
133258,0060915544,7
133280,044651652X,8
133424,0385424736,9
133682,055320663X,4
133689,0385484518,10
133747,039304632X,8
133747,042516313X,8
133747,080213825X,4
133788,0446519901,5
134031,0446527165,6
134078,0345342968,10
134264,0345342968,10
134278,0345342968,10
134282,225314424X,9
134434,0810945347,8
134568,067088734X,8
134705,0393051838,8
134737,0698119738,8
134767,0679405283,7
134837,0374266441,4
134837,044651652X,7
134837,0553506501,6
134937,0316769487,8
134999,0399131876,8
135029,0345342968,8
135149,0385294638,7
135149,042514755X,7
135149,0671786113,7
135149,0671873164,9
135149,074343143X,8
135149,0812579569,6
135265,0316602051,9
135265,0553582534,9
135265,082494092X,9
135351,0375422188,9
135360,0802713920,8
135367,346202261X,1
135376,0425148297,9
135411,140003163X,6
135418,0316769487,8
135609,0395353009,8
135609,0553380478,7
135768,188495619X,10
135927,089480829X,10
135975,089480829X,8
135996,0385424736,9
136237,042513525X,10
136313,081631053X,8
136382,0385424736,5
136407,081257883X,6
136491,0316769487,10
136491,0679723439,9
136638,1567921892,7
136791,034543739X,7
136795,0446527165,10
136923,042516313X,6
137397,2901076181,10
137504,0875848702,8
137589,0345342968,8
137589,0385484518,8
137688,0345342968,10
137688,0375503862,5
137688,2060000866,9
137729,0345342968,8
137803,067003245X,5
137968,0671570331,5
138010,0385424736,8
138117,0060002069,7
138138,0670859761,5
138198,0451200438,7
138220,067945232X,9
138379,080213825X,7
138393,055356854X,10
138393,0813122171,10
138543,042513024X,9
138578,0060163747,10
138578,0060192704,10
138578,0941483088,9
138641,0380809168,6
138644,044661064X,6
138647,0679438890,6
138777,0060915544,9
138826,0385484518,9
138844,0060192704,8
138932,0345342968,5
138995,0425148297,10
139061,0385484518,10
139209,0345342968,9
139287,0316769487,9
139359,1563898586,7
139462,1585671274,6
139524,043942089X,8
139524,159182298X,9
139742,0968454402,10
139934,0026301253,10
140000,0394555082,6
140000,051513306X,7
140036,0316769487,1
140069,0679410430,9
140358,0679405283,5
140358,0679450408,5
140799,3550070772,1
140863,315000067X,3
141157,0385484518,10
141201,0316602051,10
141511,0316769487,1
141511,044100508X,6
141580,0345342968,10
141641,014027684X,8
141888,0385484518,10
141901,0060915544,8
141902,0060174986,9
141902,0671888722,10
141958,051513306X,8
142056,0345342968,10
142062,0060915544,10
142226,346202261X,8
142479,0440213320,8
142524,0393051838,9
142524,0679451145,8
142524,0811811409,8
142524,0892965681,9
142524,1565121627,7
142579,0553576259,7
142623,0060915544,10
142623,0316769487,8
142623,0394895894,8
142661,044651652X,1
142672,0448095203,7
142801,0345342968,10
142973,0895656930,5
143163,0385424736,7
143175,0316602051,9
143175,038071843X,6
143175,038529932X,7
143211,038071843X,7
143214,1865085332,8
143253,0671020307,8
143253,0671020323,8
143270,044651652X,8
143302,0316769487,10
143415,0060915544,8
143415,0345342968,9
143415,0553380478,8
143415,0942627091,10
143713,0451458001,6
143715,031218087X,6
143715,039304632X,4
143809,0060915544,7
144151,0345342968,10
144255,0385424736,8
144255,0446527165,6
144314,0679419454,7
144395,0684826631,6
144555,038529932X,7
144591,067144171X,5
145003,185984457X,7
145177,0385484518,9
145198,0345342968,6
145234,0060192704,8
145449,0345422805,8
145449,0440213320,5
145614,0373483511,5
145641,0385484518,10
145644,0553582534,5
145688,0385484518,9
145993,0684802058,8
146078,0805073337,9
146083,0316602051,5
146106,0060915544,10
146110,0385484518,8
146113,0451197550,7
146175,042513525X,8
146175,1880365669,6
146230,0525937714,9
146321,0375406182,5
146348,038542339X,10
146348,0385484518,10
146348,1850153906,7
146397,0060915544,10
146582,0316769487,10
146745,0553289314,5
146803,0385424736,8
146888,0060915544,10
146932,0345342968,9
147017,0394895894,6
147101,031286101X,6
147239,0345342968,9
147420,0385484518,10
147451,0590877437,6
147686,0812216431,4
147847,0385484518,9
147965,0679410430,9
148053,0451524802,5
148258,0345401956,8
148258,0752801090,8
148263,0385472919,8
148378,0060915544,8
148425,2290324345,6
148427,0921149921,5
148514,0471298646,10
148514,0517704927,10
148559,0394744098,8
148966,037312399X,7
148966,0425148297,5
149120,030712908X,5
149132,0385482485,10
149231,0385484518,8
149655,0679450408,6
149658,0971304521,9
149757,0385424736,8
149784,0945397518,7
149825,0385484518,9
150206,0140157352,7
150498,0385424736,10
150498,0679419454,10
150554,0802436854,6
150576,0060915544,8
150611,044651652X,3
150769,0060915544,9
150847,8830407445,9
150878,0679450408,8
150899,0345342968,8
150968,055358412X,8
150979,0316769487,7
150979,089480829X,7
151139,0786868058,8
151503,044651652X,6
151569,0380804700,6
151589,055323725X,10
151602,0060527056,3
151676,0399145060,9
151872,0679435506,4
151928,0385135548,10
152020,0385484518,9
152036,044651652X,10
152080,0679414614,10
152099,0345342968,8
152099,0590877437,9
152186,006009527X,9
152186,0399150439,7
152295,0913299545,10
152357,0316769487,10
152435,071671096X,8
152435,0803690088,7
152435,0891042857,5
152496,1558506462,9
152579,0385484518,7
152625,0385484518,7
152635,0786862556,8
152734,0882899406,7
152770,089480829X,10
152928,0385484518,7
153054,0345342968,10
153054,0674445430,8
153054,1564783286,8
153322,0451111265,7
153513,0316769487,10
153653,0380017806,10
153662,006109899X,9
153662,0312262701,8
153662,0345342968,10
153662,0373029845,9
153662,0373483511,9
153662,0425148297,10
153662,0440225183,8
153662,0446355801,9
153662,0515133620,10
153662,055357521X,9
153662,055358183X,9
153662,081172123X,5
153662,082175310X,8
153662,082175632X,9
153718,0375411089,7
153718,044651652X,8
153718,0515133620,8
153797,0385484518,8
153797,044651652X,9
153849,0671795988,7
153957,1558506462,8
154021,044651652X,10
154129,034538038X,7
154469,042511984X,7
154529,0446527165,7
154773,0525938095,7
154975,046087344X,6
155014,0316769487,8
155027,068880165X,9
155027,087951809X,9
155147,0060915544,9
155219,0394569652,5
155219,0767911660,9
155258,089480829X,5
155278,0060812540,6
155450,0380804700,9
155580,0684849216,2
156150,0882899406,7
156214,0399150439,10
156269,0385096666,8
156300,042513525X,10
156300,0856487643,10
156300,085648766X,10
156402,0679435506,10
156483,038079005X,7
156534,0553506501,8
156706,0345342968,10
156972,287714142X,6
157082,2253138622,7
157102,089480829X,5
157160,084395132X,9
157187,0380804700,5
157192,0393027406,8
157273,0875424449,7
157273,158542093X,7
157380,089480829X,8
157555,0060915544,10
157655,0330305808,8
157655,0395353009,10
157799,0312950853,6
157799,059055526X,5
157811,002086910X,10
157935,0062554468,5
158226,1563898586,8
158254,0316769487,8
158295,038070384X,5
158295,042511984X,5
158295,042513525X,6
158295,0451197550,7
158295,0679405283,8
158295,0688088686,6
158295,0875963161,5
158295,1551664364,5
158344,0192836528,7
158361,0679414614,7
158433,0385424736,8
158433,0671721135,8
158433,156619024X,8
158714,006109725X,10
158904,083830642X,9
158984,042513525X,10
159033,0345342968,9
159033,1563898586,7
159506,0345342968,5
159727,157064280X,5
159787,0375406182,8
159854,0385484518,10
160029,002588591X,6
160179,0060192704,9
160180,0671721135,10
160231,0679405283,10
160295,1558687432,9
160295,1567186106,7
160507,1400031567,9
161041,1878825003,8
161234,044651652X,5
161265,0618144757,8
161348,044661064X,9
161390,0385484518,10
161467,0679450408,9
161476,0316769487,7
161667,1558506462,10
161873,0373123558,2
161882,0385484518,5
162044,0060812540,8
162052,0385479441,7
162052,0810909340,10
162137,0892552905,9
162155,0375422188,7
162376,0316769487,9
162413,0688154484,8
162473,0441225497,8
162496,0440213320,7
162629,080213825X,5
162639,0397321651,9
162639,042518546X,5
162639,1561792225,9
162639,1586601350,9
162641,0679419454,6
162738,0316602051,7
162855,0394895894,8
163202,156971357X,10
163307,0385294638,5
163316,1568362269,8
163488,0316769487,10
163488,0670849634,9
163498,0889740445,8
163570,039607507X,8
163570,0871316021,9
163600,0688067573,10
163759,037324200X,8
163804,0385484518,8
163804,044651652X,5
163871,080213825X,3
163930,0316769487,3
164027,0385484518,9
164096,014044565X,5
164143,0345342968,8
164480,051513306X,8
164675,0374106843,8
164675,1400052408,8
164706,0590483455,10
164761,0399150439,9
164828,037379083X,7
164901,0060915544,10
164905,037311785X,6
164926,0140157352,5
164956,0060915544,6
165073,0060005424,8
165089,0688167845,7
165138,039304632X,9
165176,0316769487,8
165183,0394726677,10
165308,1572972076,9
165319,0345422805,8
165319,0449205061,6
165319,0812930088,8
165319,1563898586,4
165582,089480829X,10
165758,0345373219,5
165806,0345422805,7
165879,0060915544,10
166017,0380613255,10
166287,0446527165,7
166534,227724113X,7
166540,0590483455,5
166546,0393322432,6
166596,042516313X,8
166639,0060915544,10
166646,0520202775,9
167156,042513525X,10
167375,0345405404,3
167471,0954049950,10
167556,044651652X,5
167611,0684867982,6
167800,0152273220,10
167812,0393051838,6
168029,0373483511,7
168036,0345342968,10
168047,002086910X,10
168047,0070715416,10
168047,0226472035,6
168064,042511984X,8
168106,0515133620,10
168144,0060915544,7
168144,0345342968,10
168186,0679419454,9
168212,1560762608,8
168438,0679457143,5
168464,0689859368,9
168816,044651652X,8
168954,0316769487,5
169161,0345342968,9
169403,0375410198,6
169521,0316807192,6
169534,0385484518,5
169585,0399147985,8
169663,069811681X,10
169681,0590484141,10
169682,0451204476,8
169754,1563831228,8
169779,0876378599,10
170155,0449205061,5
170158,2253062820,9
170158,2253064831,9
170169,0043720455,5
170317,044651652X,6
170415,0345422805,7
170513,1564580717,9
170634,0802713920,8
170634,1856975770,10
170699,0385315023,7
170724,0385294638,5
170724,1551661683,8
170778,0060192704,9
170792,0385484518,10
170947,0385315023,8
170947,0385424736,9
170982,0201416964,5
170985,0060915544,10
171026,044651652X,10
171118,0140047433,8
171118,0553573993,5
171118,0553801945,8
171118,0679767800,7
171235,377010899X,10
171251,0375406182,8
171491,0931328020,10
171602,0060973722,8
171602,0415914817,1
171602,071346478X,9
171602,0807072125,8
171818,0929523288,7
171968,0316769487,9
171970,0385413726,10
172030,0816716366,9
172168,0385484518,10
172742,0062554468,8
172742,042516313X,5
172742,0812579569,7
172760,0316769487,5
172760,0345342968,8
172760,0525946772,7
172888,2070494497,8
173018,0679450408,8
173111,0385484518,10
173154,0385424736,8
173253,1567186106,8
173291,0517580055,10
173291,0671745115,8
173415,006109336X,8
173415,0394502523,9
173415,0609809431,9
173415,1573226270,7
173453,0812694333,4
173468,043942089X,9
173486,044095777X,9
173494,0316769487,7
173511,089480829X,10
173632,3150080126,10
173650,0060277327,10
173679,0316769487,9
173684,0809448610,10
173773,0316769487,10
173888,059093970X,5
174081,0869142690,6
174179,0385484518,10
174216,0060915544,9
174304,007554508X,5
174304,013327974X,5
174304,0316769487,10
174304,0669208868,5
174304,0671020307,6
174304,0671020323,5
174326,067086014X,9
174375,044651652X,6
174388,0553573993,7
174434,0316769487,6
174503,0316769487,8
174596,1563898586,5
174672,0679413138,7
174700,074340338X,9
174791,0316174211,7
174848,0374266441,9
174848,0385484518,10
174848,0684165015,7
174914,014028124X,8
174914,0316769487,10
175052,0934878420,5
175356,0609609874,9
175457,059094715X,7
175517,044651652X,8
175636,0345342968,10
175828,080213825X,6
176066,0399131876,5
176481,0670272663,8
176481,0895945398,7
176486,0870211900,8
176583,8408033700,5
176846,0345342968,9
176894,089480829X,8
176902,0805073337,4
176978,0064406768,8
177072,0761535675,8
177152,0385484518,8
177233,080213825X,8
177246,0486270661,10
177346,0316769487,5
177352,0394565614,6
177375,0385484518,10
177386,0679404864,8
177432,0316769487,6
177432,0345342968,10
177432,042513525X,9
177458,0446526339,8
177458,1550549170,8
177531,0679457143,8
177571,0425148297,9
177590,1590520378,10
177660,2070754790,8
177660,2253047422,8
177683,0399150439,8
177794,0689859368,10
177870,0345342968,7
177915,055358183X,8
178056,0316769487,6
178199,037540273X,3
178223,0385484518,9
178522,044651652X,10
178522,0684802058,5
178526,0060915544,9
178890,0679767800,8
178920,0929523288,9
179092,089480829X,10
179118,080706341X,10
179200,156931778X,10
179433,067102096X,7
179718,0684873877,10
179739,0879979968,5
179744,0395655978,8
179831,0440213320,8
179978,0884416208,10
180549,051513306X,8
180708,074341148X,8
180840,0140430997,10
180871,0060915544,6
180925,0316769487,6
180942,0679419454,6
180958,0316769487,7
180960,0345342968,7
181026,1565927184,5
181076,0060192704,7
181076,037326173X,8
181076,051509465X,8
181176,0345342968,10
181176,0380804700,7
181176,1558740406,9
181254,155661327X,10
181267,0717127974,8
181687,0385484518,8
181944,0670857831,5
181948,0451524802,7
182085,0373029136,10
182085,037321720X,10
182085,082174089X,5
182086,0373169108,10
182113,044651652X,9
182229,067003195X,5
182393,0152273220,5
182393,055310053X,9
182459,0316769487,10
182847,0515130990,8
182969,042516313X,8
183046,2060000866,8
183088,1740590929,5
183101,042513024X,8
183178,0375704930,7
183347,0679405283,7
183347,089480829X,8
183532,0140506233,6
183566,042513024X,8
183597,0385484518,8
183958,1874166188,9
183995,0385484518,10
183995,044651652X,7
184012,0679437223,8
184263,0812579569,8
184279,0618154000,9
184299,0345358791,8
184386,8437604184,6
184401,0446527165,5
184424,0670899844,9
184702,1886947597,6
184904,0316769487,5
185011,0670272663,9
185111,0316769487,8
185140,0316769487,10
185176,0374115346,10
185176,0385424736,7
185176,1565927095,8
185233,044040908X,5
185233,0553090437,5
185233,0590379305,5
185233,059055526X,7
185233,0670272663,5
185233,067175081X,5
185233,0679405283,5
185233,0816728615,5
185233,0895860198,5
185233,157064280X,5
185244,0898863171,5
185302,0316769487,10
185339,0316769487,10
185390,0385484518,8
185450,0385424736,10
185468,0811811409,10
185608,0875422942,5
185634,0525938362,7
185670,3463401347,9
185729,068984154X,8
185942,0679410430,9
186017,044651652X,9
186115,0385294638,5
186570,0316769487,2
186807,0451197550,7
186899,015507430X,5
187035,0385484518,10
187105,0140243321,8
187145,0312135653,8
187145,0345342968,9
187145,0393051870,8
187145,0684868865,8
187256,0316602051,9
187256,044661064X,9
187256,074592803X,9
187410,0892817585,5
187464,068982954X,10
187607,0060915544,9
187682,0316602051,9
187762,0395428572,10
187918,0060915544,7
188027,039555991X,7
188027,0525442936,7
188027,0679422765,7
188052,044021632X,3
188273,0375406182,7
188273,0385484518,10
188297,0060192704,8
188659,051513306X,2
188951,020139829X,8
189080,0316769487,4
189144,0316602051,8
189210,0385484518,9
189220,0345342968,9
189320,0609809431,9
189334,0029227909,10
189334,0060916966,8
189334,0070628572,8
189334,0140157352,8
189334,0674880145,9
189334,0688039693,10
189334,0874777380,9
189334,155972448X,9
189334,1896160018,10
189392,0345422805,9
189631,0385484518,9
189632,0345433351,3
189835,037540273X,8
189835,037575315X,5
189835,0375757902,5
189835,0393049922,10
189835,0449206513,5
189835,0515110469,5
189835,0618154000,5
189835,0670272663,5
189835,0670874868,5
189835,0679600000,5
189835,0679600922,5
189835,067960166X,5
189835,080840475X,5
189835,0811480542,5
189835,081420256X,5
189835,0838315291,5
189835,0940450089,5
189835,1561707015,5
189855,0060915544,5
189939,0316769487,9
189951,0345342968,7
189973,0072126620,9
190023,0385424736,6
190062,0060915544,10
190180,848437386X,6
190531,0062511661,9
190704,156931778X,8
190708,0385484518,10
190708,055320971X,10
190741,0811824152,8
190844,1883953154,10
190885,015201344X,10
190925,1586601350,7
191072,0345342968,8
191126,0316769487,9
191247,0385424736,6
191526,000712614X,8
191577,0333233808,8
191716,0385484518,8
191716,051720679X,9
192083,0316769487,10
192895,840101512X,10
192995,158348616X,2
193106,0375410198,4
193248,0345342968,10
193448,034543739X,10
193448,0525237704,7
193499,0441009840,3
193499,051513306X,10
193533,074321675X,10
193560,0950017841,9
193661,1559638095,7
193725,0553573993,10
193814,0394895894,9
193819,0316602051,8
193886,0385484518,9
193898,0394557948,6
193898,0399150439,9
193898,0446527165,7
194205,0684802058,8
194278,0757301002,9
194364,1573222127,5
194429,0684808560,7
194519,0345342968,10
194669,014044050X,8
194717,0449211673,7
194992,0316602051,9
195049,0446527165,10
195116,1585671274,8
195195,0394569652,7
195374,0670272663,5
195586,038529932X,7
195901,0316769487,9
195904,0375411089,8
195943,068981562X,9
196053,0316769487,7
196077,089480829X,9
196108,0809248492,9
196133,0316769487,10
196148,2203001097,8
196149,044651652X,7
196160,0671721135,5
196457,091230135X,9
196465,0394583590,8
196466,0929523288,7
196502,089480829X,7
196630,0345342968,9
196702,0440505941,10
196738,0345358791,8
197293,0060915544,9
197364,0140481532,8
197364,0451524802,5
197410,051513306X,8
197410,067944078X,10
197502,0812694333,8
197644,0316769487,10
197644,0345342968,9
197659,006020432X,8
197659,0061052418,8
197659,0345401956,7
197659,0394565614,9
197659,066932972X,8
197659,0765342286,8
197659,0812579569,8
197687,0345342968,9
197687,1584850841,8
197766,034077035X,8
197828,0316769487,5
197866,089480829X,5
198012,0253215404,9
198213,044651652X,7
198408,2877302709,9
198490,0062511661,9
198491,0811811409,5
198564,080213825X,4
198593,082176473X,7
198692,089480829X,8
198755,0679413138,7
198786,0375410198,7
198840,0316769487,10
198840,0679405283,8
199106,089480829X,9
199356,0316769487,10
199384,0806135794,8
199390,044651652X,8
199393,0345342968,7
199416,0446519901,6
199416,0679450408,5
199416,068814120X,5
200226,0062554468,8
200226,0316769487,8
200226,034543739X,5
200226,0385424736,8
200226,0679449434,7
200226,089480829X,8
200388,0385484518,10
200618,0465081991,6
200643,080213825X,10
200978,0394744551,8
201017,089480829X,10
201042,066932972X,7
201042,0882899406,5
201058,0802111165,9
201290,0816621128,6
201447,0451181301,9
201526,0316769487,8
201526,0345342968,9
201568,044661064X,9
201626,0399150439,5
201641,051509465X,9
201684,089480829X,6
201724,0316769487,5
201870,0006161529,7
201924,044651652X,10
202036,0821773704,3
202073,0385413726,8
202257,0385413726,10
202346,0446527165,10
202417,0316769487,9
202553,080213825X,5
202636,034530277X,8
202712,0385484518,8
203014,0060915544,7
203017,0060912553,5
203017,069109750X,5
203075,0345342968,10
203280,0811811409,10
203491,0521438780,5
203900,067166218X,10
203900,0767903609,10
203910,044100508X,8
204044,080213825X,4
204139,0679422765,6
204174,0380978954,9
204457,038071843X,6
204457,0892965681,10
204458,0671526715,7
204470,0375406182,4
204474,0671682288,10
204538,0451455789,9
204571,0345402030,9
204591,0515130990,8
204676,0062734423,10
204676,0345342968,10
204813,0156027798,8
204864,0316769487,10
204864,039304632X,9
204864,1567921892,10
204978,0316769487,10
205051,0812579569,9
205128,0807072125,5
205281,089480829X,10
205285,0385484518,7
205408,039923019X,9
205473,0385484518,8
205473,187398247X,10
205512,0316769487,7
205761,0889740445,6
205878,0448095076,6
205919,044651652X,4
206074,087011798X,5
206157,0786711280,7
206389,0316769487,8
206397,0609809431,5
206534,0385316984,7
206691,0345342968,8
206758,1565121627,6
206768,2253047422,8
206874,044661064X,8
206944,0316769487,7
206944,080213825X,6
207134,0385484518,8
207246,043940987X,9
207341,042513525X,5
207341,0440213320,6
207450,0679404864,5
207461,1585744069,7
207488,0345342968,7
207499,037326173X,6
207499,0385424736,6
207616,0316602051,7
207616,0399150439,8
207651,0679451455,8
207686,044651652X,7
207825,0440213320,9
207825,0671745115,8
207835,0375400508,6
207944,0060163747,8
208019,0892965185,5
208406,0684849216,6
208410,0340680660,5
208450,0316769487,8
208485,067086014X,8
208568,0671020323,5
208605,042513525X,8
208671,1558506462,8
208815,0316769487,8
208829,0385424736,10
208829,0679449434,10
208886,0316769487,8
208956,0471298646,6
208960,089480829X,5
209148,078290369X,3
209160,0304934305,7
209174,0060915544,7
209202,1576736466,1
209430,1576736466,5
209464,0060005424,9
209516,0375726500,10
209516,0394502523,10
209563,0385424736,6
209757,0553380478,6
209817,0811811409,10
209875,020172796X,9
209882,0316769487,8
210035,0451180488,6
210315,089480829X,6
210485,043942089X,9
210573,038071843X,8
210587,0375422188,9
210587,080213825X,5
210597,0385484518,7
210738,0062511661,8
210738,089886464X,3
210822,089480829X,6
211259,0375726322,3
211264,089480829X,10
211288,042514755X,7
211303,0316769487,3
211344,0590483455,6
211426,0316769487,10
211610,2877302709,8
211621,1591292573,10
211919,0226472035,6
211919,0316769487,7
211919,0671795988,5
211945,0916076415,2
212009,044651652X,8
212252,0679405283,10
212260,0385484518,10
212467,0757301002,5
212467,1586601350,10
212486,0316769487,8
212497,0316769487,10
212628,0345358791,8
212697,0448095076,4
212765,0300016425,8
212775,0375406182,8
212849,0060915544,9
212941,0060915544,9
212965,0821735683,5
212965,084394661X,5
212965,0843948159,7
213111,014044050X,8
213119,0345342968,8
213141,0880704977,8
213150,0345342968,7
213150,044651652X,8
213150,1558506462,7
213197,0811213234,6
213222,0316769487,7
213312,0385484518,7
213316,074974801X,8
213379,0446527165,5
213491,014043531X,6
213491,156931778X,5
213523,0373483511,7
213523,0515130990,9
213531,038529932X,8
213535,080213825X,5
213628,0449211673,8
213989,188025459X,7
213999,0345342968,8
214194,1842552015,5
214583,0679721835,9
214631,0679404864,7
214835,0345342968,8
214916,0425101703,9
215020,0345342968,10
215024,0590483455,4
215104,067003195X,7
215421,0375422188,6
215683,0060163747,8
215693,0694010391,8
215829,0316769487,9
215942,0380978954,9
216001,0060915544,9
216019,0316769487,10
216100,0060544074,8
216343,0385424736,8
216387,1573222127,4
216427,044651652X,8
216435,0070531811,10
216683,0345342968,10
216683,042511984X,8
216683,0671004131,9
216683,0671020307,8
216683,0671020323,8
216683,0671873164,6
216683,193110008X,8
216829,006061725X,9
216829,0394743873,8
216931,0399145060,8
217012,0316769487,9
217012,042511984X,8
217100,0395243505,9
217106,0064635929,7
217121,0007108389,5
217292,0375400141,2
217375,0399150439,8
217466,1570620849,6
217513,034543739X,6
217566,055348687X,7
217617,0385484518,4
217740,843970206X,7
217743,039331281X,8
218121,0767903609,7
218221,0515133620,9
218325,0679734503,8
218404,1563898586,7
218430,0446526339,7
218519,0060915544,7
218552,0385315023,5
218552,0446527165,7
218552,067944078X,3
218552,0684867982,2
218608,0394726677,9
218608,044651652X,5
218608,0849944090,10
218608,089480829X,10
218615,044661064X,6
218615,1880032597,8
218621,0679451145,8
218638,0684802058,6
218759,0385484518,8
218976,0590461265,6
219209,0316769487,5
219260,0931742080,8
219321,0670839434,8
219321,0786865334,9
219321,1401019811,6
219434,006092635X,6
219546,0590466909,6
219587,0385484518,8
219683,002086910X,5
219683,0316769487,1
219683,0670272663,9
219683,067973452X,10
219852,0385484518,10
219924,038097570X,7
219924,1558506462,5
220095,0316602051,8
220278,0316769487,10
220278,043942089X,8
220452,059045708X,8
220551,044651652X,10
220597,0060915544,8
220645,0689801866,8
220688,0812694333,10
220724,045121238X,10
220736,0316769487,5
220788,0060915544,9
220911,0385419287,8
220930,325721605X,3
221327,0446527165,9
221445,0060915544,9
221495,0385484518,9
221505,0875963161,9
221666,0596004990,9
221681,0399131876,8
221687,042513525X,6
221687,1558530185,10
221696,0679450408,9
221705,044661064X,10
221713,0380794764,8
221724,0316769487,10
221732,0316769487,8
221981,0399131876,6
222204,0671721135,9
222264,346202261X,8
222296,0684135051,8
222296,1565122038,7
222488,3257061153,9
222563,0385484518,8
222597,0345342968,10
222602,042511984X,8
222922,0385419287,5
223087,0375503862,6
223087,0395174449,9
223190,0425148297,10
223190,051509465X,9
223190,1559346590,4
223231,0397321651,8
223364,0316769487,7
223431,0061032069,6
223501,0375411089,8
223501,0399150439,9
223501,0679419454,7
223501,0743257480,7
223520,0395924944,6
223644,0679404864,7
223669,044021968X,9
223787,0670032654,9
223787,0671207148,10
223787,0805073337,7
223814,0060005424,7
223814,0064635481,8
224085,0671020307,5
224121,0679438890,8
224146,0345342968,9
224217,067102096X,5
224221,080213825X,5
224226,0394723430,5
224241,340414743X,7
224249,044651652X,7
224289,044900273X,7
224349,0316602051,8
224349,0316655708,6
224349,0385482485,7
224349,067144171X,8
224349,0811811409,6
224349,1880317141,10
224366,188392930X,7
224430,0385484518,9
224626,044661064X,10
224773,068483409X,8
224944,0385424736,6
224944,044651652X,7
224944,0446672599,7
225066,0060192704,5
225066,0679405283,5
225066,080213825X,8
225078,0060288884,7
225087,0060915544,10
225087,044020254X,10
225087,0446527165,10
225087,0525938362,10
225087,067102096X,5
225199,0226118622,9
225199,0671883402,10
225199,1557833184,10
225232,0140430784,9
225232,0880015225,5
225379,0394709306,4
225379,0670272663,7
225411,0345342968,5
225595,0553104934,9
225595,055356854X,8
225595,0679767800,10
225625,0781433428,6
225634,0689859368,10
225659,0241141788,6
225730,0316769487,7
225731,0385484518,7
225763,0132257726,5
225763,067231116X,7
225763,067346962X,5
225808,155773416X,5
225810,1558506462,9
225834,044651652X,5
225867,0393322432,5
225966,158542093X,10
225986,0345342968,9
225986,082241452X,9
225989,0316769487,5
225996,055358183X,10
226109,0688167128,9
226482,044651652X,7
226489,0060002069,4
226545,0385424736,8
226553,089480829X,10
226616,0316769487,9
226745,089480829X,6
226772,0385484518,8
227013,0060915544,10
227097,0441006582,2
227243,038547296X,7
227250,037379083X,10
227250,0843948159,5
227269,051513306X,10
227282,0316769487,9
227313,044651652X,5
227404,1558506462,10
227447,037375003X,8
227447,0689859368,10
227447,080695843X,10
227520,0425148297,8
227520,089480829X,10
227702,0446611735,8
227705,042513525X,8
227768,0316769487,5
227836,075640147X,8
228021,0316769487,10
228021,0345342968,9
228021,1563898586,10
228065,0316769487,3
228096,0882899406,8
228181,0345342968,9
228226,0030200881,5
228313,080213825X,9
228438,044651652X,8
228681,0345422805,10
228883,0060915544,8
228913,044651652X,7
228998,0345342968,9
229011,0515130990,6
229180,2253047422,5
229227,0131774298,10
229313,0385484518,8
229313,044651652X,9
229329,0553050664,10
229329,0718115813,10
229334,0515133620,10
229405,0316602051,8
229409,074756034X,7
229551,0060192704,10
229632,0373240368,5
229632,042511984X,5
229681,0316602051,2
229741,0316769487,8
229741,081183140X,8
229914,0394895894,10
230253,0312876629,8
230293,0385484518,9
230374,315000067X,8
230400,0373093993,5
230476,0385484518,9
230490,039472531X,8
230522,0060915544,9
230522,044095777X,9
230522,0671745115,5
230573,187398247X,7
230798,044651652X,8
231048,0590877437,5
231063,089480829X,6
231143,2070423174,9
231210,0679414614,6
231210,1555835325,7
231263,0316769487,6
231264,0689859368,9
231354,1563898586,8
231363,0898866146,8
231374,0345342968,8
231395,080213825X,1
231466,0688088686,10
231613,1585671274,6
231857,014027684X,5
231897,042513525X,7
231969,0664256937,6
232106,0385484518,10
232131,0060915544,10
232131,044651652X,5
232195,0316769487,7
232461,1575666243,5
232579,0026301253,5
232850,0345358791,8
232925,0812930347,10
232945,044661064X,8
232959,0385484518,9
232959,0812694333,5
232964,0345358791,7
233392,0440078288,8
233451,0385484518,9
233451,0449205061,7
233543,0399150439,9
233656,037540340X,7
233711,0385484518,9
233769,044651652X,9
233829,042513525X,8
233847,0060163747,6
233868,0316769487,10
233911,0806920726,10
234090,0380804700,6
234359,0373273797,3
234359,0446611735,4
234359,0553104284,3
234359,082177381X,4
234402,0670857831,6
234597,0894717960,10
234657,1568710275,9
234721,0886775809,9
234828,0385419287,10
234828,042513525X,8
234828,0786868058,8
234901,157322989X,9
234927,0886775809,8
235105,0060090421,8
235105,0060188901,8
235105,0312135653,8
235105,0312276818,8
235105,0312312628,9
235105,031287863X,8
235105,0374165890,8
235105,0375505210,8
235105,0393051838,8
235105,0399150439,9
235105,0425184927,2
235105,0553801945,8
235105,0553803085,7
235105,067003083X,8
235105,0743217101,7
235105,0786868058,7
235105,1575668793,8
235105,1931081514,8
235282,0385484518,7
235438,0886775809,8
235462,0521293715,8
235684,042513525X,6
235699,0345358791,8
235884,0679419454,7
235895,039304632X,8
235935,0060915544,10
235935,044661064X,5
235935,0670899844,7
236030,0060973722,9
236065,0684849216,5
236097,0345342968,7
236283,030723116X,10
236283,038070384X,8
236283,0385484518,10
236283,0670272663,10
236283,076111937X,5
236340,0679450408,8
236399,0679405283,6
236595,0060005424,8
236757,0060915544,8
236872,0471957143,5
236955,0679450408,9
237157,0060005424,8
237249,0425148297,2
237271,055308903X,5
237275,0446679763,9
237534,0316769487,9
237534,0871401223,5
237579,0670865729,5
238008,0449205061,7
238120,067187263X,6
238179,067166333X,1
238358,089480829X,10
238630,0802130747,8
238644,044651652X,10
238699,0515130990,9
238781,044651652X,10
238781,0590424394,6
238781,0689712065,10
238781,155661327X,10
238889,0312876629,8
238889,043925325X,10
238890,0465050522,10
239135,0679457143,10
239310,038070384X,7
239481,0385484518,8
239486,0316769487,9
239486,045120980X,10
239486,1563898586,10
239502,0316769487,8
239584,0140235507,10
239594,0440213320,8
239594,051513306X,8
239626,074344504X,10
240051,0671020307,4
240051,0671020323,4
240054,0330339419,3
240111,042513525X,8
240144,031218087X,8
240144,0394895894,10
240144,0534039278,8
240144,0811811409,10
240219,014027684X,8
240370,0345342968,6
240403,0385500327,7
240403,0811811409,2
240541,1892389487,10
240543,0684192519,10
240567,0316769487,9
240643,0316769487,8
240743,0345342968,8
240756,0843127171,4
240883,0826402410,7
240932,0913299545,9
240951,157673854X,8
240998,0395353009,9
241036,0830813225,10
241080,0425148297,10
241140,1576736466,8
241198,3821808586,7
241214,044651652X,8
241357,0385484518,10
241495,0385484518,7
241567,0385484518,9
241652,0385315023,5
241666,042514755X,7
241791,0345342968,10
241799,034543739X,7
241980,067102096X,10
242003,0590877437,6
242006,0671004131,10
242073,044651652X,10
242077,0385484518,8
242083,0679449434,3
242247,044651652X,8
242299,0345422805,3
242309,0316769487,9
242321,000712614X,8
242397,0878100016,6
242409,0140235507,10
242409,067973452X,10
242639,0345342968,8
242646,0425180972,6
242781,042518546X,9
243075,0671745115,7
243088,0345342968,9
243236,0939149109,7
243236,0968454402,7
243294,0385484518,10
243328,1578515823,6
243360,1563898586,8
243720,155166903X,5
243899,0395665892,7
243942,0060915544,7
243991,0062554468,7
244035,0914086057,4
244070,0060915544,7
244277,0375726322,8
244285,157324807X,6
244286,0316769487,7
244324,0590379305,10
244349,0553102435,5
244359,0316769487,7
244428,1558506462,5
244517,0316769487,8
244593,080213825X,5
244685,0684810948,5
244688,068982047X,10
244710,038529932X,7
244736,1887655816,6
244742,0060277327,7
244771,0385191367,7
244964,0552998478,10
244964,080213825X,5
244993,0805073337,10
245102,0399527435,7
245102,051720679X,7
245215,037540273X,3
245295,0316769487,10
245371,0060915544,9
245645,0385484518,8
245645,042513024X,10
245645,044020254X,10
245827,037326173X,5
245827,0590483455,5
245827,0590877437,5
245827,069109750X,5
245963,0425091465,10
246000,0345342968,8
246156,037348478X,6
246216,0932212239,7
246311,0375406182,10
246311,0395353009,9
246311,1565123026,9
246313,043942089X,10
246388,0385484518,7
246391,0385484518,10
246617,0345342968,7
246617,0805782192,7
246759,0345342968,5
246766,044651652X,5
246776,0316602051,8
246798,0140434232,7
247055,0425148297,8
247240,080213825X,1
247429,0140430784,10
247429,0140431136,10
247429,0195283309,10
247429,089283157X,6
247447,055358183X,8
247752,0425148297,10
247852,0553801945,9
247852,0679405283,7
247855,0316769487,9
248003,0140235507,8
248056,042518546X,7
248098,0679450408,9
248289,0877283486,5
248477,0316769487,9
248477,1576736466,7
248496,067102096X,5
248589,0916076415,8
248718,0385473958,9
248718,0486242056,9
248718,0521398029,8
248718,0553582534,5
248718,0802111165,9
248850,087477795X,7
249058,0060002069,3
249102,0525237704,7
249235,038533480X,10
249412,1565122038,7
249578,0316769487,8
249695,0385424736,7
249791,0393024601,7
249791,055320663X,7
249829,0385424736,8
249862,0140101950,9
249862,0345342968,5
249862,075480500X,10
249894,043926040X,5
249894,0441006582,9
249894,0465081991,6
249894,0812694333,8
249894,0874172861,8
249895,0345342968,8
249922,015202073X,9
249989,074343143X,6
250288,0316602051,9
250300,0385484518,10
250367,0897321618,9
250398,0399150439,7
250405,0802111165,10
250461,0679767800,6
250503,0316769487,8
250506,0679450408,9
250543,0316602051,10
250543,0399150439,10
250614,042511984X,6
250683,0486261425,10
250709,044651652X,10
250709,156931005X,5
250919,0060915544,10
250948,0811811409,10
250962,0345358791,8
251003,0385424736,8
251003,044651652X,5
251093,0385484518,7
251164,0316769487,8
251165,0679450408,9
251242,0345342968,8
251242,0345358791,8
251394,043942089X,9
251394,0670859761,7
251408,0345342968,10
251419,044020254X,6
251442,0670272663,9
251467,0689859368,10
251495,0385484518,8
251527,044651652X,8
251575,0679405283,7
251594,0425101703,7
251606,0394565614,8
251606,0671759159,7
251843,0060931078,10
251843,0316602051,8
251844,068484012X,6
252071,044661064X,9
252560,0345342968,9
252624,0070434247,9
252636,0671318292,7
252657,0140047433,10
252676,042513525X,5
252695,037324133X,8
252695,037326237X,6
252695,037327209X,7
252727,0312859740,7
252788,0893756245,5
252820,0913299545,8
252865,042513525X,6
253033,0385484518,7
253062,044651652X,8
253226,0671786113,8
253277,0140243321,5
253322,039304632X,10
253556,068982954X,10
253613,0552998478,5
253657,1575668793,4
253736,1561792225,8
253736,1568360428,7
253771,1572840323,7
253797,0345342968,10
253871,0385484518,8
253871,044651652X,9
254036,0553566229,4
254053,0385424736,9
254053,0679450408,8
254054,0590483455,7
254206,0345358791,8
254224,042516313X,5
254226,055352707X,9
254297,0679773002,4
254377,1575666243,7
254719,0385484518,6
254777,0877735786,5
254839,0679767800,8
254899,0446526339,7
255014,044651652X,6
255045,0316769487,7
255078,0316769487,9
255078,0345342968,9
255092,0062554468,10
255092,0380726475,7
255092,0393310809,5
255218,068487069X,8
255255,842700611X,5
255305,0140157352,4
255489,044021632X,5
255520,0374266441,8
255874,089480829X,7
256264,0375753397,5
256327,0385484518,10
256407,0385249217,5
256407,0571153607,6
256407,1568360428,10
256507,0811811409,9
256678,0385484518,10
256688,0345422805,8
256813,0060163747,10
256818,1565924495,8
256925,0140064699,6
257003,014044050X,7
257028,0670875678,7
257145,0316769487,8
257204,031090563X,10
257204,0671721135,9
257204,0671875973,9
257204,1886228558,10
257212,0385484518,10
257262,044651652X,5
257483,0316602051,10
257492,0671897519,5
257589,157062030X,8
257676,0385484518,8
257700,0316769487,2
258084,0060578564,8
258084,1556520794,8
258109,0385484518,10
258185,0060002069,8
258185,0060527056,8
258185,0380809168,7
258185,0553582534,8
258185,0671011324,4
258185,082174898X,6
258270,0451410211,8
258277,044651652X,10
258352,0446527165,8
258419,140003082X,7
258482,038071843X,8
258534,0440213320,9
258534,0609809431,9
258566,0316769487,10
258614,0553289314,5
258884,0671020307,8
258884,0671020323,8
258884,0671873164,8
258970,0873226550,7
259064,0521563305,10
259114,0894717960,10
259260,0151789126,9
259264,044651652X,9
259378,0207143714,5
259378,0226472035,5
259445,0786868120,6
259584,044651652X,10
259624,044651652X,8
259625,0373123558,7
259626,0394726677,5
259660,8408033700,8
259685,0316602051,10
260183,1563898586,8
260419,0679405283,8
260647,0151660387,10
260796,0679419454,9
260865,0140157352,7
260865,067165991X,8
260897,0345342968,8
260897,0375406182,9
260897,044651652X,4
260944,0385424736,8
260944,0451197550,8
261148,0394923243,8
261601,081257995X,10
261685,0060957182,10
261829,042511984X,7
261973,0553582534,8
261998,0060002069,7
261998,0312873301,9
262033,080213825X,2
262040,0385484518,10
262070,0486219712,6
262151,0399518118,5
262279,0020291604,5
262391,0345342968,8
262399,0345342968,10
262407,044990668X,6
262573,0913299545,9
262901,346202261X,8
262998,0195535650,7
262998,0333555813,8
262998,0415289939,8
262998,0454003994,7
262998,0671682288,8
262998,0732907845,5
263110,043926040X,8
263112,0345422805,5
263163,0385484518,7
263164,031220325X,7
263310,0316769487,4
263321,077832043X,10
263344,0439215986,8
263460,0671745115,4
263472,0446527165,5
263577,0812966678,10
263926,2070301036,7
264276,0671682288,5
264321,0380755661,5
264321,0679404864,6
264321,074724250X,7
264355,0393002098,5
264525,0698119738,10
264525,094718399X,10
264525,1562477722,10
264543,0060915544,9
264543,0807072125,9
264657,0679734503,9
264780,1569473307,9
264861,042511984X,5
264996,0679456023,6
265000,0385484518,10
265115,0385468687,6
265115,0451197550,10
265115,1575666243,10
265257,0156027798,4
265290,0375410198,6
265313,0060198338,7
265313,0060508663,9
265313,0345358791,7
265339,0345342968,9
265403,034528710X,7
265407,0316602051,7
265597,0684826631,8
265676,044651652X,8
265784,0886775809,7
265889,0425148297,9
265889,0446611735,9
265889,0553573993,10
266024,0316769487,10
266056,0385484518,8
266355,0345342968,10
266421,0887394183,8
266664,081332615X,7
266719,2070754790,9
266808,089480829X,9
266842,0441009840,6
266865,0345422805,8
267222,0860519260,8
267444,0679419454,8
267538,0060002069,7
267565,0425148297,7
267635,0380569523,8
267635,038070384X,8
267635,076111937X,9
267645,0345342968,9
267749,044175676X,6
267830,0929398866,8
268012,0380975661,5
268022,034062079X,5
268030,081472714X,9
268110,039304632X,9
268110,044651652X,2
268110,081183140X,8
268300,0316769487,9
268300,0394709306,9
268300,0670272663,10
268416,0671702491,5
268434,0786868120,5
268639,0375411089,9
268657,0316769487,6
268691,0399132694,7
268692,0316769487,2
268932,0394569652,8
268932,0553090437,5
268932,0590483455,5
268939,0140430784,9
269037,067164808X,10
269114,0385484518,10
269321,055358183X,8
269338,0394895894,4
269386,044651652X,8
269566,0449205061,8
269841,0762103388,10
269916,0333719344,8
270045,0385484518,8
270121,067187263X,8
270352,0060176539,5
270352,0671020307,4
270352,0671020323,4
270605,0316769487,7
270605,0345342968,9
270605,0609809431,9
270605,1558506462,1
270605,157036365X,6
270629,0374281866,9
270728,0553573993,9
270820,0385424736,8
270820,042513525X,9
270820,076110481X,7
270838,0670272663,10
270896,0679404864,8
271038,0385484518,10
271142,185828077X,10
271144,0060915544,9
271176,0316769487,10
271176,0385484518,7
271195,0385484518,10
271215,037348478X,2
271284,0440508568,5
271306,0679767800,9
271364,0060915544,8
271448,0316769487,7
271448,0451455789,10
271542,0394565614,9
271558,0553573993,9
271622,0884481921,7
271800,0316769487,5
271808,0671568132,8
271883,0812694333,8
272016,044651652X,8
272202,0316769487,9
272225,0140240039,7
272225,1854879219,8
272233,0142001473,9
272324,0345342968,8
272482,9728288115,9
272633,0525934774,6
272897,0525449825,8
272983,052594530X,8
273015,0590877437,6
273071,0670856223,7
273086,0345342968,10
273113,0399138013,5
273140,044651652X,9
273190,0385484518,10
273190,051513306X,7
273344,0385413726,8
273636,097115693X,10
273718,0415014069,10
273869,0060915544,10
273906,325721605X,8
273920,067179647X,7
273926,0385484518,9
273976,0316769487,6
273976,0345342968,5
274005,0060973722,6
274061,0061052248,10
274061,0152273220,10
274061,0380767597,10
274061,055358183X,10
274220,315000067X,4
274301,1564140784,7
274308,1570541876,8
274339,080213825X,5
274380,1555868630,8
274393,0060915544,9
274405,067960135X,8
274414,0812924347,6
274425,0671207148,10
274425,0805073337,9
274638,0316602051,5
274808,0060915544,8
274925,0060192704,10
274925,055309355X,10
274932,0316769487,7
275001,0679449434,7
275020,0448095076,5
275050,044651652X,6
275305,044651652X,5
275335,0811821994,8
275374,044651652X,8
275520,0316769487,9
275758,0441006582,5
275761,044100931X,7
275841,080213825X,6
275922,0385484518,10
275922,0874172861,8
275953,0385484518,9
275970,0385413726,5
275970,044651652X,6
276038,044651652X,10
276165,0316769487,10
276167,0316769487,9
276372,0316769487,10
276508,0870114573,7
276641,051513306X,7
276680,0805073337,9
276688,0684804484,10
